ecutwfc,  nions,   nkpts,   toten,          enPerAtom,     cpuTime,    elapsedTime
#-,       number,  number,  Ry,             Ry/atom,       time,       time
50,       32,      46,      -416.22551279,  -13.00704727,  7m19.97s,   7m41.64s
60,       32,      46,      -416.23330648,  -13.00729082,  12m28.88s,  13m
70,       32,      46,      -416.23657373,  -13.00739292,  10m59.38s,  11m23.97s
80,       32,      46,      -416.23711707,  -13.00740990,  12m37.01s,  13m
90,       32,      46,      -416.23744652,  -13.00742020,  16m30.89s,  17m10.48s
