kMesh,cpuTime,elapsedTime,toten
4x4x1,2.465,6.071,-18.48449341
8x8x1,3.203,7.125,-18.45273403
16x16x1,6.142,8.307,-18.45436391
24x24x1,9.305,12.067,-18.45285619
8x8x2,4.970,7.227,-18.45287748
16x16x2,10.295,13.064,-18.45452905
