value,  nkpts,   toten,          enPerAtom,     cpuTime,   elapsedTime
#-,     number,  Ry,             Ry/atom,       time,      time
400,    46,      -416.23328781,  -13.00729024,  8m1.25s,   8m24.80s
450,    46,      -416.23329584,  -13.00729049,  8m46.60s,  9m17.29s
500,    46,      -416.23330648,  -13.00729082,  8m32.14s,  9m
600,    46,      -416.23331913,  -13.00729122,  9m52.82s,  10m29.86s
